{
  "intercept": -494.261966,
  "beta_income": 0.006887037,
  "beta_utilization": 2218.19190228
}
